Weekday,timeInterval,checkHashtags,index,likeRank
Tuesday,3-6,0,0,low
Tuesday,3-6,0,1,low
Tuesday,3-6,0,2,low
Tuesday,3-6,0,3,low
Tuesday,3-6,1,4,low
Tuesday,0-3,0,5,low
Tuesday,0-3,0,6,low
Tuesday,0-3,1,9,low
Tuesday,0-3,1,10,low
Monday,21-24,1,11,low
Monday,21-24,1,12,low
Monday,21-24,1,13,low
Monday,15-18,1,14,low
Monday,12-15,0,16,low
Monday,12-15,1,18,low
Monday,12-15,1,19,low
Monday,12-15,1,20,low
Monday,12-15,1,21,medium
Monday,12-15,1,22,low
Monday,9-12,1,23,low
Monday,9-12,1,24,low
Monday,9-12,1,25,low
Monday,9-12,1,26,low
Monday,9-12,1,27,low
Monday,9-12,0,28,low
Monday,6-9,0,29,medium
Monday,6-9,0,30,medium
Monday,6-9,0,31,low
Monday,6-9,0,32,low
Monday,6-9,0,33,low
Monday,6-9,0,34,low
Monday,3-6,0,35,medium
Monday,3-6,0,36,medium
Monday,3-6,0,37,low
Monday,3-6,1,38,low
Monday,3-6,0,39,low
Monday,3-6,0,40,low
Monday,3-6,0,41,low
Monday,0-3,0,42,low
Monday,0-3,0,44,low
Monday,0-3,1,45,low
Sunday,21-24,1,46,low
Sunday,21-24,1,47,low
Sunday,21-24,1,48,low
Sunday,21-24,1,49,low
Sunday,12-15,1,52,low
Sunday,12-15,1,53,low
Sunday,12-15,1,54,low
Sunday,12-15,1,55,medium
Sunday,12-15,0,56,low
Sunday,9-12,0,58,low
Sunday,9-12,1,60,low
Sunday,6-9,1,62,low
Sunday,6-9,1,64,low
Sunday,6-9,0,65,low
Sunday,6-9,1,66,medium
Sunday,6-9,1,67,low
Sunday,6-9,0,68,low
Sunday,6-9,1,69,low
Sunday,3-6,0,70,low
Sunday,3-6,1,71,medium
Sunday,3-6,0,72,medium
Sunday,3-6,1,73,low
Sunday,3-6,0,74,low
Sunday,3-6,1,75,low
Sunday,3-6,1,76,low
Sunday,3-6,1,77,low
Sunday,3-6,1,78,low
Sunday,0-3,1,79,low
Sunday,0-3,1,81,low
Sunday,0-3,1,82,low
Sunday,0-3,1,83,low
Sunday,0-3,1,84,low
Sunday,0-3,0,85,medium
Sunday,0-3,1,86,low
Sunday,0-3,1,87,low
Saturday,21-24,1,88,low
Saturday,21-24,1,89,low
Saturday,21-24,1,90,low
Saturday,15-18,1,91,low
Saturday,12-15,1,93,low
Saturday,12-15,1,95,low
Saturday,12-15,1,96,low
Saturday,12-15,1,97,low
Saturday,12-15,1,98,medium
Saturday,9-12,1,100,low
Saturday,9-12,1,101,low
Saturday,9-12,1,102,low
Saturday,9-12,0,103,low
Saturday,9-12,1,104,low
Saturday,9-12,1,105,low
Saturday,6-9,1,106,low
Saturday,6-9,0,107,medium
Saturday,6-9,0,108,low
Saturday,6-9,1,109,low
Saturday,6-9,1,110,medium
Saturday,6-9,1,111,low
Saturday,6-9,1,112,low
Saturday,6-9,1,113,low
Saturday,6-9,0,114,low
Saturday,6-9,0,115,low
Saturday,6-9,1,116,low
Saturday,6-9,1,117,low
Saturday,3-6,0,118,low
Saturday,3-6,1,119,low
Saturday,3-6,1,120,low
Saturday,3-6,1,121,low
Saturday,3-6,1,122,low
Saturday,3-6,1,123,low
Saturday,3-6,1,124,low
Saturday,0-3,1,125,low
Saturday,0-3,1,126,low
Saturday,0-3,1,127,low
Saturday,0-3,1,129,low
Saturday,0-3,1,131,low
Saturday,0-3,1,132,low
Friday,21-24,1,133,low
Friday,21-24,1,134,low
Friday,21-24,1,135,low
Friday,15-18,1,136,low
Friday,12-15,1,139,low
Friday,12-15,1,140,low
Friday,12-15,1,141,low
Friday,12-15,0,142,low
Friday,12-15,1,143,low
Friday,12-15,1,144,low
Friday,12-15,1,145,medium
Friday,12-15,1,146,low
Friday,12-15,1,147,medium
Friday,9-12,0,148,low
Friday,9-12,1,149,low
Friday,9-12,0,150,medium
Friday,9-12,1,151,medium
Friday,9-12,0,152,low
Friday,9-12,0,153,low
Friday,9-12,0,154,low
Friday,9-12,0,155,low
Friday,6-9,0,157,low
Friday,6-9,0,158,low
Friday,6-9,1,159,low
Friday,6-9,0,160,low
Friday,6-9,0,161,low
Friday,6-9,1,162,low
Friday,6-9,0,163,low
Friday,6-9,0,164,low
Friday,6-9,1,165,low
Friday,3-6,0,166,low
Friday,3-6,0,167,low
Friday,3-6,0,169,low
Friday,3-6,0,170,low
Friday,3-6,1,171,low
Friday,3-6,0,172,low
Friday,3-6,0,173,low
Friday,3-6,0,174,medium
Friday,3-6,0,175,low
Friday,0-3,1,179,low
Friday,0-3,1,180,low
Thursday,21-24,1,181,low
Thursday,21-24,1,182,low
Thursday,21-24,1,183,low
Thursday,12-15,0,186,low
Thursday,12-15,0,187,low
Thursday,12-15,1,188,low
Thursday,12-15,1,189,low
Thursday,12-15,1,190,low
Thursday,12-15,1,191,low
Thursday,12-15,1,192,low
Thursday,12-15,1,193,low
Thursday,9-12,1,194,medium
Thursday,9-12,0,195,low
Thursday,9-12,1,196,low
Thursday,9-12,0,197,low
Thursday,9-12,0,199,low
Thursday,6-9,0,201,low
Thursday,6-9,0,202,low
Thursday,6-9,0,204,medium
Thursday,6-9,0,205,low
Thursday,6-9,0,207,low
Thursday,6-9,0,208,low
Thursday,3-6,1,209,low
Thursday,3-6,0,210,low
Thursday,3-6,0,211,low
Thursday,3-6,1,213,low
Thursday,3-6,0,214,low
Thursday,3-6,0,215,medium
Thursday,3-6,0,216,low
Thursday,0-3,0,217,low
Thursday,0-3,0,218,low
Thursday,0-3,0,220,low
Thursday,0-3,1,222,low
Thursday,0-3,1,223,low
Wednesday,21-24,1,224,low
Wednesday,21-24,1,225,low
Wednesday,21-24,1,226,low
Wednesday,15-18,1,227,low
Wednesday,12-15,0,230,low
Wednesday,12-15,0,231,low
Wednesday,12-15,1,232,low
Wednesday,12-15,1,233,low
Wednesday,12-15,1,234,low
Wednesday,12-15,1,235,low
Wednesday,12-15,1,236,medium
Wednesday,12-15,1,237,low
Wednesday,9-12,0,238,low
Wednesday,9-12,1,240,medium
Wednesday,9-12,1,241,low
Wednesday,9-12,1,242,low
Wednesday,9-12,1,243,low
Wednesday,9-12,0,245,low
Wednesday,9-12,0,246,low
Wednesday,9-12,1,247,low
Wednesday,6-9,0,249,low
Wednesday,6-9,1,250,low
Wednesday,6-9,0,251,low
Wednesday,6-9,0,253,low
Wednesday,6-9,0,256,low
Wednesday,6-9,0,257,medium
Wednesday,3-6,0,259,low
Wednesday,3-6,0,260,low
Wednesday,3-6,0,262,low
Wednesday,3-6,0,263,low
Wednesday,3-6,1,264,high
Wednesday,3-6,0,265,low
Wednesday,3-6,0,266,low
Wednesday,3-6,0,267,low
Wednesday,3-6,0,268,low
Wednesday,0-3,1,269,medium
Wednesday,0-3,1,272,low
Tuesday,21-24,1,273,low
Tuesday,21-24,1,274,low
Tuesday,21-24,1,275,low
Tuesday,15-18,1,276,medium
Tuesday,12-15,0,280,low
Tuesday,12-15,1,281,low
Tuesday,12-15,0,282,low
Tuesday,12-15,1,283,medium
Tuesday,12-15,1,284,medium
Tuesday,12-15,1,285,medium
Tuesday,9-12,1,286,medium
Tuesday,9-12,0,287,medium
Tuesday,9-12,0,288,low
Tuesday,9-12,1,289,medium
Tuesday,9-12,0,290,low
Tuesday,9-12,0,291,low
Tuesday,9-12,1,292,high
Tuesday,9-12,0,293,low
Tuesday,9-12,0,294,medium
Tuesday,9-12,1,295,medium
Tuesday,6-9,1,297,low
Tuesday,6-9,0,298,low
Tuesday,6-9,0,299,low
Tuesday,6-9,0,300,low
Tuesday,6-9,0,301,low
Tuesday,6-9,0,302,medium
Tuesday,6-9,0,304,low
Tuesday,6-9,0,305,medium
Tuesday,6-9,0,306,low
Tuesday,6-9,1,308,low
Tuesday,6-9,0,309,low
Tuesday,6-9,1,310,low
Tuesday,6-9,0,311,low
Tuesday,3-6,0,313,low
Tuesday,3-6,0,314,low
Tuesday,3-6,0,316,low
Tuesday,3-6,0,317,low
Tuesday,3-6,1,318,low
Tuesday,3-6,0,319,low
Tuesday,3-6,0,320,low
Tuesday,3-6,0,321,low
Tuesday,0-3,0,322,low
Tuesday,0-3,0,324,low
Tuesday,0-3,1,326,low
Tuesday,0-3,1,327,low
Monday,21-24,1,328,low
Monday,21-24,1,329,low
Monday,21-24,1,330,low
Monday,15-18,1,331,low
Monday,15-18,1,332,medium
Monday,12-15,0,335,low
Monday,12-15,1,336,low
Monday,12-15,0,337,low
Monday,12-15,1,338,medium
Monday,12-15,1,339,medium
Monday,12-15,1,340,low
Monday,12-15,1,341,medium
Monday,12-15,1,342,low
Monday,9-12,1,343,medium
Monday,9-12,1,344,medium
Monday,9-12,0,345,low
Monday,9-12,1,346,low
Monday,9-12,0,347,medium
Monday,6-9,1,349,low
Monday,6-9,1,350,high
Monday,6-9,0,352,low
Monday,6-9,0,353,low
Monday,6-9,0,354,low
Monday,6-9,1,355,low
Monday,6-9,0,356,low
Monday,6-9,0,357,low
Monday,6-9,1,358,low
Monday,3-6,0,359,medium
Monday,3-6,1,360,low
Monday,3-6,0,362,low
Monday,3-6,0,363,low
Monday,3-6,0,365,low
Monday,3-6,0,366,low
Monday,0-3,1,367,low
Monday,0-3,0,368,medium
Monday,0-3,0,370,low
Monday,0-3,1,371,low
Monday,0-3,1,372,medium
Sunday,21-24,1,373,low
Sunday,21-24,1,374,low
Sunday,21-24,1,375,low
Sunday,15-18,1,376,low
Sunday,15-18,1,377,low
Sunday,12-15,1,380,low
Sunday,12-15,1,381,medium
Sunday,12-15,1,382,low
Sunday,12-15,1,383,high
Sunday,9-12,0,384,medium
Sunday,9-12,0,385,low
Sunday,9-12,1,386,low
Sunday,9-12,1,387,low
Sunday,9-12,1,388,low
Sunday,9-12,1,389,low
Sunday,9-12,1,390,low
Sunday,9-12,1,391,low
Sunday,9-12,1,392,low
Sunday,9-12,1,393,low
Sunday,9-12,1,394,low
Sunday,9-12,1,395,low
Sunday,9-12,1,396,low
Sunday,9-12,1,397,low
Sunday,9-12,1,398,low
Sunday,9-12,0,399,low
Sunday,9-12,1,400,medium
Sunday,9-12,0,401,low
Sunday,9-12,1,402,medium
Sunday,9-12,0,403,low
Sunday,6-9,1,404,low
Sunday,6-9,0,405,low
Sunday,6-9,1,406,low
Sunday,6-9,0,407,low
Sunday,6-9,1,408,low
Sunday,6-9,0,409,medium
Sunday,6-9,1,410,low
Sunday,6-9,0,411,low
Sunday,6-9,0,412,low
Sunday,3-6,1,413,low
Sunday,3-6,1,414,low
Sunday,3-6,1,415,low
Sunday,3-6,1,416,low
Sunday,0-3,1,417,low
Sunday,0-3,1,418,low
Sunday,0-3,1,419,low
Sunday,0-3,1,421,low
Sunday,0-3,1,422,low
Sunday,0-3,1,423,low
Saturday,21-24,1,424,low
Saturday,21-24,1,425,low
Saturday,21-24,1,426,low
Saturday,12-15,1,427,medium
Saturday,12-15,1,428,medium
Saturday,9-12,1,430,low
Saturday,9-12,1,431,medium
Saturday,9-12,1,432,low
Saturday,9-12,0,433,medium
Saturday,6-9,0,434,low
Saturday,6-9,1,435,low
Saturday,6-9,0,436,low
Saturday,6-9,0,437,low
Saturday,6-9,1,438,low
Saturday,6-9,1,439,low
Saturday,6-9,1,440,low
Saturday,6-9,1,441,low
Saturday,6-9,1,442,low
Saturday,6-9,0,443,low
Saturday,3-6,0,444,low
Saturday,3-6,1,445,low
Saturday,3-6,0,446,low
Saturday,3-6,1,447,low
Saturday,3-6,0,448,low
Saturday,3-6,0,449,low
Saturday,0-3,1,452,low
Saturday,0-3,1,453,low
Saturday,0-3,1,454,low
Saturday,0-3,1,455,low
Friday,21-24,1,456,low
Friday,21-24,1,457,low
Friday,21-24,1,458,low
Friday,12-15,0,461,medium
Friday,12-15,0,462,low
Friday,12-15,1,463,low
Friday,12-15,1,464,low
Friday,12-15,1,465,medium
Friday,12-15,1,466,low
Friday,12-15,1,467,low
Friday,9-12,0,468,medium
Friday,9-12,1,469,low
Friday,9-12,1,470,low
Friday,9-12,0,471,medium
Friday,9-12,0,472,low
Friday,9-12,0,473,low
Friday,9-12,0,474,low
Friday,9-12,0,475,low
Friday,9-12,1,476,low
Friday,9-12,0,477,low
Friday,9-12,0,478,low
Thursday,3-6,1,481,medium
Wednesday,12-15,1,484,low
Wednesday,9-12,1,485,low
Wednesday,9-12,1,486,medium
Tuesday,9-12,1,491,low
Monday,9-12,1,495,medium
Sunday,12-15,1,496,low
Sunday,3-6,1,497,low
Sunday,3-6,1,498,medium
Sunday,0-3,1,499,low
Sunday,0-3,1,500,low
Saturday,12-15,1,502,low
Saturday,12-15,1,503,medium
Saturday,6-9,1,504,low
Saturday,0-3,1,505,low
Friday,12-15,1,507,low
Friday,9-12,1,508,low
Friday,9-12,1,509,low
Thursday,6-9,1,511,low
Thursday,3-6,1,512,medium
Thursday,0-3,0,513,medium
Wednesday,3-6,1,516,medium
Wednesday,0-3,1,517,low
Tuesday,6-9,1,520,medium
Tuesday,0-3,1,523,medium
Monday,12-15,1,525,medium
Monday,9-12,1,526,low
Monday,3-6,1,527,low
Monday,3-6,1,528,low
Sunday,9-12,1,530,medium
Sunday,3-6,1,531,low
Sunday,3-6,1,532,low
Saturday,9-12,1,534,low
Saturday,9-12,1,536,low
Saturday,6-9,1,537,low
Saturday,6-9,1,538,high
Saturday,6-9,1,539,low
Friday,9-12,1,540,medium
Friday,3-6,1,542,medium
Thursday,9-12,1,543,low
Thursday,9-12,1,544,low
Thursday,6-9,1,545,low
Wednesday,9-12,1,547,medium
Wednesday,3-6,1,550,high
Tuesday,21-24,1,551,medium
Tuesday,3-6,1,554,medium
Tuesday,0-3,1,555,low
Monday,9-12,1,556,low
Monday,9-12,1,557,medium
Monday,9-12,0,558,low
Monday,6-9,0,559,low
Sunday,12-15,1,560,low
Sunday,9-12,1,562,medium
Sunday,3-6,1,563,low
Saturday,12-15,1,564,low
Saturday,12-15,1,565,low
Saturday,0-3,1,566,low
Thursday,9-12,1,569,low
Thursday,6-9,1,570,low
Thursday,3-6,1,571,low
Wednesday,3-6,1,573,medium
Wednesday,3-6,1,574,medium
Tuesday,9-12,1,576,low
Tuesday,9-12,1,577,low
Tuesday,9-12,1,578,medium
Tuesday,6-9,1,579,low
Tuesday,6-9,1,580,medium
Sunday,12-15,1,584,low
Saturday,9-12,1,587,low
Saturday,3-6,1,588,low
Friday,6-9,1,590,low
Friday,6-9,1,591,low
Friday,3-6,0,592,medium
Friday,3-6,0,593,medium
Thursday,9-12,1,595,low
Wednesday,6-9,1,597,medium
Wednesday,3-6,0,598,high
Wednesday,3-6,1,599,medium
Tuesday,9-12,0,602,medium
Thursday,9-12,1,604,low
Thursday,6-9,1,607,low
Tuesday,9-12,1,611,high
Monday,12-15,1,614,medium
Monday,6-9,1,615,low
Monday,3-6,1,616,low
Sunday,9-12,1,617,low
Sunday,6-9,1,618,low
Sunday,0-3,1,619,low
Saturday,12-15,1,620,low
Saturday,9-12,1,621,low
Friday,15-18,1,622,low
Friday,9-12,1,624,medium
Friday,6-9,1,625,medium
Friday,3-6,1,626,medium
Thursday,9-12,1,627,low
Thursday,9-12,1,628,low
Thursday,9-12,1,629,medium
Thursday,6-9,1,630,medium
Thursday,3-6,1,631,low
Thursday,3-6,1,632,low
Thursday,3-6,1,633,low
Wednesday,9-12,1,635,low
Wednesday,6-9,1,636,medium
Wednesday,6-9,1,637,medium
Wednesday,3-6,1,638,high
Tuesday,12-15,1,639,low
Tuesday,9-12,1,640,medium
Tuesday,9-12,1,641,low
Tuesday,6-9,1,642,high
Monday,9-12,1,645,low
Monday,9-12,1,646,medium
Monday,6-9,1,647,low
Sunday,6-9,1,648,low
Sunday,3-6,1,649,low
Sunday,0-3,1,650,low
Saturday,15-18,1,651,low
Saturday,12-15,1,652,low
Friday,9-12,1,653,low
Friday,9-12,1,655,medium
Friday,6-9,1,656,medium
Friday,6-9,1,657,medium
Friday,3-6,1,658,low
Thursday,9-12,1,659,low
Thursday,9-12,1,660,medium
Wednesday,9-12,1,661,medium
Wednesday,9-12,1,662,medium
Wednesday,6-9,1,663,medium
Tuesday,15-18,1,665,low
Tuesday,9-12,1,666,medium
Tuesday,9-12,1,667,medium
Tuesday,0-3,1,669,medium
Sunday,12-15,1,671,low
Sunday,9-12,1,672,low
Sunday,6-9,1,673,low
Saturday,12-15,1,675,low
Saturday,9-12,1,676,low
Saturday,9-12,1,677,low
Friday,12-15,1,679,low
Friday,6-9,1,680,low
Thursday,6-9,1,685,medium
Thursday,6-9,1,686,low
Wednesday,15-18,1,688,medium
Wednesday,9-12,1,689,medium
Wednesday,6-9,1,690,medium
Wednesday,3-6,1,691,medium
Tuesday,9-12,1,693,medium
Tuesday,6-9,1,694,medium
Monday,12-15,1,696,low
Monday,3-6,1,698,medium
Monday,3-6,1,699,medium
Monday,0-3,1,700,low
Sunday,15-18,1,701,medium
Sunday,15-18,1,702,low
Sunday,12-15,1,703,low
Sunday,9-12,1,704,low
Sunday,9-12,1,705,medium
Sunday,6-9,1,706,low
Saturday,9-12,1,708,low
Friday,12-15,1,710,medium
Friday,12-15,1,711,medium
Thursday,3-6,1,712,medium
Monday,15-18,1,714,medium
Monday,6-9,1,716,high
Monday,3-6,1,718,medium
Sunday,6-9,1,721,low
Sunday,6-9,1,722,low
Sunday,6-9,1,723,low
Sunday,0-3,1,724,low
Sunday,0-3,1,725,low
Saturday,12-15,1,726,low
Saturday,12-15,1,727,medium
Saturday,12-15,1,728,low
Saturday,9-12,1,729,low
Friday,15-18,1,730,low
Friday,9-12,1,733,medium
Friday,6-9,1,734,low
Friday,3-6,1,735,medium
Thursday,6-9,1,736,low
Wednesday,12-15,1,738,low
Wednesday,9-12,1,739,low
Wednesday,6-9,1,740,low
Wednesday,3-6,1,741,medium
Tuesday,9-12,1,742,low
Tuesday,9-12,1,743,medium
Tuesday,6-9,1,744,medium
Tuesday,3-6,1,745,medium
Monday,12-15,1,746,medium
Monday,12-15,1,747,low
Monday,9-12,1,748,low
Monday,6-9,1,749,medium
Monday,3-6,1,750,low
Monday,0-3,1,751,low
Sunday,12-15,1,754,low
Sunday,6-9,1,755,low
Sunday,6-9,1,756,low
Sunday,0-3,1,757,low
Saturday,12-15,1,758,low
Saturday,9-12,1,759,low
Saturday,9-12,1,760,low
Saturday,6-9,1,761,low
Saturday,6-9,1,762,low
Saturday,0-3,1,763,low
Friday,12-15,1,764,low
Friday,12-15,1,765,low
Friday,9-12,1,766,low
Thursday,12-15,1,768,medium
Thursday,12-15,1,769,low
Thursday,6-9,1,770,medium
Wednesday,12-15,1,771,low
Wednesday,9-12,0,772,low
Wednesday,9-12,1,773,medium
Wednesday,3-6,1,774,high
Tuesday,15-18,1,775,medium
Tuesday,9-12,1,777,medium
Tuesday,9-12,1,778,medium
Monday,12-15,1,780,low
Sunday,6-9,1,782,low
Sunday,6-9,1,783,low
Sunday,3-6,1,784,medium
Tuesday,12-15,0,785,low
Tuesday,12-15,1,786,high
Tuesday,6-9,1,787,medium
Tuesday,0-3,1,788,medium
Monday,0-3,1,791,high
Sunday,15-18,1,792,medium
Sunday,12-15,1,793,low
Sunday,12-15,1,794,low
Sunday,12-15,1,795,low
Sunday,3-6,1,796,medium
Saturday,12-15,1,798,low
Saturday,12-15,1,799,medium
Saturday,6-9,1,800,low
Saturday,6-9,1,801,high
Saturday,3-6,1,802,low
Saturday,3-6,1,803,low
Friday,6-9,1,806,high
Friday,6-9,1,807,high
Friday,3-6,1,809,medium
Thursday,9-12,1,810,medium
Thursday,9-12,1,811,high
Thursday,6-9,1,812,medium
Wednesday,15-18,1,814,high
Wednesday,3-6,1,815,medium
Tuesday,15-18,1,816,low
Tuesday,9-12,1,817,low
Tuesday,9-12,1,818,low
Tuesday,9-12,1,819,high
Monday,6-9,1,822,medium
Monday,6-9,1,823,high
Monday,3-6,1,824,medium
Monday,0-3,1,825,medium
Sunday,6-9,1,826,low
Sunday,6-9,1,827,low
Saturday,9-12,1,829,low
Saturday,6-9,1,830,low
Friday,12-15,1,831,medium
Friday,9-12,1,833,high
Friday,6-9,1,834,high
Friday,3-6,1,835,high
Thursday,12-15,1,836,high
Thursday,9-12,1,837,medium
Thursday,9-12,1,838,high
Thursday,6-9,1,839,high
Thursday,6-9,1,840,high
Thursday,6-9,1,841,medium
Wednesday,12-15,1,842,medium
Wednesday,9-12,1,844,high
Wednesday,9-12,1,845,low
Wednesday,6-9,1,846,medium
Wednesday,3-6,1,847,medium
Tuesday,12-15,1,850,medium
Tuesday,9-12,1,851,medium
Monday,12-15,1,852,medium
Monday,12-15,0,853,low
Monday,9-12,1,854,high
Monday,9-12,1,855,high
Monday,6-9,1,856,medium
Monday,6-9,1,857,high
Monday,6-9,1,858,medium
Sunday,12-15,1,859,medium
Sunday,12-15,1,860,medium
Sunday,9-12,1,861,high
Sunday,3-6,1,862,high
Saturday,12-15,1,863,medium
Saturday,12-15,1,864,medium
Saturday,3-6,1,865,high
Friday,9-12,1,867,medium
Friday,9-12,1,868,medium
Friday,9-12,1,869,high
Friday,6-9,1,870,high
Friday,3-6,1,871,high
Thursday,9-12,1,872,medium
Thursday,9-12,1,873,high
Thursday,6-9,1,874,high
Wednesday,21-24,1,875,high
Wednesday,9-12,1,877,high
Wednesday,9-12,1,878,high
Wednesday,9-12,1,879,medium
Wednesday,6-9,1,880,high
Tuesday,12-15,1,882,medium
Tuesday,9-12,1,883,medium
Tuesday,0-3,1,884,low
Monday,9-12,1,885,low
Monday,6-9,1,886,high
Monday,3-6,1,887,high
Sunday,6-9,1,889,medium
Sunday,3-6,1,890,medium
Sunday,0-3,1,891,medium
Saturday,12-15,1,894,medium
Saturday,6-9,1,895,low
Saturday,0-3,1,896,medium
Friday,12-15,1,897,low
Friday,9-12,1,898,high
Friday,6-9,1,899,high
Friday,3-6,1,900,medium
Thursday,15-18,1,901,high
Thursday,9-12,1,903,medium
Thursday,9-12,1,904,medium
Thursday,6-9,1,905,high
Thursday,6-9,1,906,high
Thursday,3-6,1,907,high
Wednesday,9-12,1,909,high
Wednesday,6-9,1,910,medium
Wednesday,3-6,1,911,high
Tuesday,21-24,1,912,low
Tuesday,6-9,1,913,medium
Tuesday,3-6,1,914,medium
Monday,6-9,1,915,medium
Sunday,9-12,1,917,medium
Sunday,9-12,1,918,low
Sunday,6-9,1,919,high
Sunday,0-3,1,920,low
Saturday,15-18,1,921,medium
Saturday,12-15,1,923,low
Saturday,6-9,1,924,low
Saturday,3-6,1,925,low
Friday,9-12,1,929,high
Friday,9-12,1,930,high
Friday,9-12,1,931,high
Friday,6-9,1,932,medium
Friday,6-9,1,933,high
Thursday,15-18,1,934,high
Thursday,6-9,1,936,high
Wednesday,3-6,1,938,medium
Wednesday,0-3,1,939,medium
Tuesday,9-12,1,940,high
Tuesday,9-12,1,942,medium
Tuesday,6-9,1,943,medium
Tuesday,3-6,1,944,low
Monday,9-12,1,947,low
Monday,9-12,1,948,high
Monday,3-6,1,949,medium
Sunday,15-18,1,950,medium
Sunday,6-9,1,954,medium
Sunday,6-9,1,955,high
Sunday,3-6,1,956,low
Sunday,3-6,1,957,medium
Saturday,9-12,1,959,high
Saturday,9-12,1,960,medium
Saturday,6-9,1,961,high
Saturday,6-9,1,962,medium
Friday,15-18,1,963,low
Friday,9-12,1,966,low
Friday,6-9,1,967,medium
Thursday,9-12,1,968,medium
Thursday,6-9,1,969,medium
Thursday,3-6,1,970,medium
Wednesday,9-12,1,971,low
Wednesday,6-9,1,972,medium
Wednesday,3-6,1,974,low
Tuesday,15-18,1,975,low
Tuesday,9-12,1,976,medium
Tuesday,6-9,1,978,low
Monday,12-15,1,981,low
Monday,6-9,1,983,high
Sunday,9-12,1,985,high
Sunday,9-12,1,986,low
Sunday,6-9,1,987,high
Sunday,6-9,1,988,low
Sunday,6-9,1,989,medium
Sunday,3-6,1,990,medium
Sunday,3-6,1,991,high
Sunday,3-6,1,992,low
Sunday,0-3,1,993,low
Saturday,9-12,1,995,low
Saturday,9-12,1,996,low
Saturday,6-9,1,997,low
Friday,9-12,1,998,high
Friday,6-9,1,999,medium
Friday,3-6,1,1000,medium
Friday,0-3,1,1001,medium
Thursday,6-9,1,1002,medium
Thursday,3-6,1,1003,medium
Wednesday,6-9,1,1004,medium
Wednesday,6-9,1,1005,medium
Wednesday,3-6,1,1006,low
Wednesday,3-6,1,1007,high
Tuesday,6-9,1,1008,medium
Monday,3-6,1,1009,medium
Monday,3-6,1,1010,medium
Sunday,6-9,1,1011,low
Sunday,6-9,1,1012,low
Sunday,3-6,1,1013,low
Sunday,3-6,0,1014,low
Sunday,3-6,1,1015,medium
Saturday,6-9,0,1016,low
Saturday,6-9,1,1017,low
Saturday,6-9,1,1018,low
Saturday,6-9,1,1019,medium
Saturday,3-6,1,1020,low
Saturday,3-6,1,1021,medium
Saturday,3-6,0,1022,low
Saturday,3-6,0,1023,low
Saturday,3-6,0,1024,low
Saturday,3-6,1,1025,low
Friday,12-15,1,1026,low
Friday,12-15,1,1027,medium
Friday,9-12,1,1028,low
Friday,9-12,1,1030,low
Friday,9-12,1,1031,medium
Friday,6-9,1,1032,medium
Friday,6-9,1,1033,medium
Friday,6-9,1,1034,medium
Friday,3-6,1,1035,medium
Friday,3-6,1,1036,medium
Friday,0-3,0,1037,low
Friday,0-3,0,1038,low
Thursday,12-15,1,1039,medium
Thursday,12-15,1,1040,high
Thursday,6-9,1,1041,medium
Thursday,6-9,1,1042,medium
Wednesday,9-12,1,1043,medium
Wednesday,9-12,0,1044,low
Wednesday,6-9,1,1046,medium
Wednesday,6-9,1,1047,low
Wednesday,6-9,1,1048,high
Tuesday,9-12,1,1049,high
Tuesday,9-12,1,1050,high
Tuesday,6-9,1,1051,medium
Tuesday,6-9,1,1052,high
Monday,12-15,1,1054,medium
Monday,9-12,0,1056,medium
Sunday,9-12,1,1058,high
Sunday,9-12,1,1059,low
Sunday,9-12,1,1060,low
Sunday,3-6,1,1061,medium
Sunday,3-6,1,1062,high
Saturday,12-15,1,1063,medium
Saturday,6-9,1,1064,medium
Friday,12-15,1,1066,medium
Friday,9-12,1,1067,medium
Friday,9-12,1,1068,medium
Friday,6-9,0,1069,medium
Friday,3-6,1,1070,medium
Thursday,9-12,1,1071,medium
Thursday,6-9,1,1072,low
Thursday,6-9,1,1074,medium
Thursday,3-6,0,1075,high
Wednesday,12-15,1,1076,medium
Wednesday,12-15,1,1077,medium
Wednesday,9-12,1,1078,medium
Wednesday,9-12,1,1079,high
Wednesday,9-12,1,1080,medium
Wednesday,9-12,1,1081,medium
Tuesday,12-15,1,1082,high
Tuesday,6-9,1,1084,medium
Monday,12-15,1,1085,medium
Monday,9-12,1,1086,low
Monday,9-12,1,1087,low
Monday,9-12,1,1088,medium
Monday,6-9,1,1089,medium
Monday,3-6,1,1091,medium
Monday,3-6,1,1092,medium
Saturday,9-12,1,1093,medium
Saturday,9-12,1,1094,medium
Saturday,6-9,1,1095,low
Friday,9-12,1,1096,medium
Thursday,6-9,1,1097,high
Wednesday,3-6,1,1098,medium
Tuesday,9-12,1,1099,high
Tuesday,3-6,1,1100,medium
Monday,9-12,1,1101,high
Monday,9-12,1,1102,high
Monday,6-9,1,1103,medium
Monday,3-6,1,1105,high
Monday,3-6,1,1106,low
Sunday,12-15,1,1107,medium
Sunday,9-12,1,1108,high
Saturday,6-9,1,1109,low
Saturday,6-9,1,1111,low
Friday,12-15,1,1112,medium
Friday,12-15,1,1113,low
Friday,9-12,1,1114,high
Friday,9-12,1,1115,medium
Friday,6-9,1,1117,medium
Friday,3-6,1,1119,medium
Thursday,12-15,1,1120,medium
Thursday,9-12,1,1121,high
Thursday,6-9,1,1122,high
Thursday,3-6,1,1123,low
Thursday,0-3,1,1124,medium
Thursday,0-3,1,1125,medium
Wednesday,9-12,1,1126,medium
Wednesday,9-12,1,1127,high
Wednesday,6-9,1,1128,high
Wednesday,6-9,1,1129,high
Wednesday,3-6,1,1130,medium
Wednesday,3-6,1,1131,medium
Monday,12-15,1,1132,high
Monday,9-12,1,1133,high
Monday,9-12,1,1134,high
Monday,6-9,1,1136,high
Monday,3-6,1,1137,low
Sunday,9-12,1,1138,medium
Sunday,9-12,1,1139,medium
Sunday,6-9,1,1140,low
Sunday,6-9,1,1141,high
Sunday,3-6,1,1142,medium
Sunday,3-6,1,1143,low
Saturday,9-12,1,1144,medium
Saturday,9-12,1,1145,medium
Saturday,6-9,1,1147,medium
Saturday,3-6,1,1148,high
Saturday,3-6,1,1149,low
Friday,12-15,1,1150,medium
Friday,12-15,1,1151,low
Friday,12-15,1,1152,medium
Friday,9-12,1,1153,medium
Friday,6-9,1,1154,high
Friday,6-9,1,1155,high
Friday,6-9,1,1156,high
Friday,3-6,1,1157,high
Friday,3-6,1,1158,low
Thursday,12-15,1,1159,low
Thursday,12-15,1,1160,medium
Thursday,9-12,1,1161,high
Thursday,9-12,1,1162,medium
Thursday,9-12,1,1163,medium
Thursday,3-6,1,1164,high
Thursday,3-6,1,1165,medium
Wednesday,9-12,1,1166,high
Wednesday,9-12,1,1167,medium
Tuesday,9-12,1,1169,medium
Tuesday,9-12,1,1170,medium
Tuesday,6-9,1,1171,high
Tuesday,3-6,1,1172,high
Tuesday,3-6,1,1173,high
Tuesday,0-3,1,1174,low
Monday,9-12,1,1175,medium
Monday,9-12,1,1176,high
Monday,6-9,1,1177,high
Monday,3-6,1,1178,medium
Monday,3-6,1,1179,low
Sunday,12-15,1,1180,medium
Sunday,3-6,1,1181,medium
Saturday,12-15,1,1182,medium
Saturday,6-9,1,1183,low
Friday,12-15,1,1184,medium
Friday,12-15,1,1185,low
Friday,9-12,1,1186,medium
Friday,9-12,1,1187,high
Friday,6-9,1,1188,high
Friday,6-9,1,1189,high
Friday,3-6,1,1190,high
Friday,3-6,0,1191,low
Friday,0-3,1,1192,low
Thursday,12-15,1,1193,medium
Thursday,12-15,1,1194,low
Thursday,12-15,1,1195,low
Thursday,12-15,1,1196,low
Thursday,9-12,1,1198,high
Thursday,9-12,1,1199,medium
Thursday,6-9,1,1200,medium
Thursday,6-9,1,1201,medium
Thursday,6-9,1,1202,high
Wednesday,12-15,1,1203,low
Wednesday,12-15,1,1204,low
Wednesday,12-15,1,1205,low
Wednesday,6-9,1,1206,medium
Wednesday,6-9,1,1207,medium
Wednesday,6-9,1,1208,low
Wednesday,0-3,0,1210,high
Tuesday,6-9,1,1213,medium
Tuesday,3-6,1,1214,low
Monday,9-12,1,1216,medium
Monday,6-9,1,1217,medium
Monday,6-9,1,1218,high
Monday,3-6,1,1219,medium
Monday,3-6,1,1220,low
Sunday,3-6,1,1221,medium
Sunday,3-6,1,1222,low
Saturday,9-12,1,1223,low
Saturday,9-12,0,1224,low
Saturday,6-9,1,1225,low
Thursday,12-15,1,1226,medium
Thursday,9-12,1,1227,medium
Thursday,9-12,1,1228,medium
Thursday,9-12,1,1229,medium
Thursday,6-9,1,1230,medium
Thursday,6-9,1,1231,high
Thursday,3-6,1,1232,medium
Wednesday,12-15,1,1233,medium
Wednesday,12-15,1,1234,medium
Wednesday,12-15,1,1235,low
Wednesday,9-12,1,1237,medium
Wednesday,6-9,1,1239,high
Wednesday,3-6,1,1241,medium
Tuesday,12-15,1,1243,medium
Tuesday,9-12,1,1244,low
Tuesday,6-9,1,1246,medium
Tuesday,0-3,1,1248,low
Monday,9-12,1,1251,medium
Monday,9-12,1,1252,high
Monday,6-9,1,1253,low
Sunday,9-12,0,1254,low
Sunday,6-9,1,1255,low
Sunday,3-6,1,1256,low
Sunday,3-6,0,1257,medium
Saturday,12-15,1,1258,low
Saturday,9-12,1,1259,low
Saturday,6-9,0,1260,low
Saturday,6-9,1,1261,low
Saturday,6-9,0,1262,low
Friday,9-12,0,1263,medium
Friday,9-12,1,1264,medium
Friday,9-12,1,1265,high
Friday,6-9,1,1266,medium
Friday,3-6,1,1267,high
Friday,3-6,1,1268,low
Thursday,12-15,1,1269,medium
Thursday,9-12,1,1270,medium
Thursday,9-12,1,1271,medium
Thursday,9-12,1,1272,medium
Thursday,6-9,1,1273,low
Thursday,6-9,1,1274,high
Thursday,3-6,1,1275,low
Wednesday,12-15,1,1277,low
Wednesday,9-12,1,1278,low
Wednesday,9-12,1,1279,low
Wednesday,6-9,1,1280,medium
Wednesday,6-9,1,1281,high
Wednesday,3-6,1,1283,medium
Wednesday,0-3,1,1285,low
Tuesday,12-15,1,1286,low
Tuesday,9-12,1,1287,low
Tuesday,9-12,1,1288,low
Tuesday,0-3,1,1290,medium
Monday,12-15,1,1291,low
Monday,12-15,1,1292,low
Monday,6-9,1,1293,low
Monday,3-6,1,1294,low
Sunday,9-12,1,1295,low
Sunday,9-12,1,1296,low
Sunday,6-9,1,1297,medium
Friday,9-12,1,1300,medium
Friday,9-12,1,1301,low
Friday,6-9,0,1303,low
Friday,6-9,1,1304,low
Thursday,9-12,1,1305,low
Thursday,6-9,1,1307,low
Wednesday,9-12,1,1308,low
Wednesday,9-12,1,1309,low
Wednesday,6-9,1,1310,low
Wednesday,3-6,1,1311,low
Wednesday,3-6,1,1312,low
Tuesday,9-12,1,1313,medium
Tuesday,9-12,1,1314,low
Tuesday,6-9,1,1315,low
Tuesday,3-6,1,1317,low
Monday,12-15,1,1318,medium
Monday,6-9,1,1319,low
Monday,6-9,1,1320,low
Monday,0-3,1,1321,medium
Tuesday,0-3,1,1322,low
Friday,6-9,0,1323,medium
Thursday,9-12,1,1324,medium
Thursday,6-9,1,1326,high
Thursday,0-3,1,1327,low
Wednesday,6-9,1,1328,low
Wednesday,6-9,1,1329,low
Wednesday,3-6,1,1330,low
Wednesday,0-3,1,1331,low
Tuesday,6-9,1,1332,medium
Tuesday,6-9,1,1333,low
Tuesday,3-6,1,1334,low
Tuesday,3-6,1,1336,low
Tuesday,0-3,1,1337,low
Monday,6-9,1,1338,medium
Monday,6-9,1,1339,low
Monday,0-3,1,1340,low
Sunday,3-6,0,1341,medium
Sunday,3-6,0,1342,low
Sunday,3-6,0,1343,low
Sunday,0-3,1,1344,medium
Friday,9-12,1,1345,high
Friday,6-9,1,1346,low
Friday,0-3,1,1347,low
Thursday,9-12,1,1348,high
Thursday,9-12,1,1349,low
Thursday,9-12,1,1350,medium
Thursday,6-9,1,1351,low
Thursday,6-9,1,1352,low
Thursday,6-9,1,1353,low
Wednesday,9-12,1,1354,high
Wednesday,9-12,1,1355,low
Wednesday,9-12,1,1356,high
Wednesday,3-6,1,1357,low
Tuesday,9-12,1,1358,low
Tuesday,6-9,1,1359,high
Tuesday,3-6,1,1360,low
Tuesday,3-6,1,1361,high
Tuesday,0-3,1,1362,low
Monday,9-12,1,1363,low
Monday,6-9,1,1364,high
Monday,3-6,1,1365,low
Monday,0-3,1,1366,low
Sunday,9-12,0,1367,low
Sunday,3-6,1,1369,medium
Sunday,3-6,1,1370,high
Sunday,0-3,1,1372,low
Saturday,6-9,1,1374,low
Saturday,3-6,1,1375,low
Friday,9-12,1,1376,high
Friday,9-12,1,1377,medium
Thursday,12-15,1,1381,medium
Thursday,9-12,1,1382,medium
Thursday,3-6,1,1384,low
Thursday,0-3,1,1385,low
Thursday,0-3,1,1386,high
Wednesday,9-12,1,1387,low
Wednesday,6-9,1,1388,high
Wednesday,3-6,1,1390,low
Wednesday,0-3,1,1391,low
Tuesday,12-15,1,1392,high
Tuesday,6-9,1,1393,medium
Tuesday,3-6,1,1394,low
Sunday,9-12,0,1397,medium
Saturday,12-15,1,1398,low
Saturday,9-12,1,1399,medium
Saturday,6-9,1,1400,low
Friday,9-12,1,1401,low
Friday,6-9,1,1402,low
Friday,6-9,1,1403,high
Friday,3-6,1,1404,medium
Friday,3-6,0,1405,low
Friday,3-6,0,1406,low
Friday,0-3,1,1407,low
Thursday,9-12,1,1408,medium
Wednesday,9-12,1,1409,high
Wednesday,9-12,0,1410,medium
Wednesday,9-12,0,1411,low
Wednesday,9-12,1,1412,low
Tuesday,9-12,1,1415,medium
Tuesday,6-9,1,1416,low
Tuesday,3-6,1,1417,medium
Monday,9-12,1,1418,low
Monday,6-9,1,1419,high
Monday,6-9,1,1420,medium
Monday,3-6,1,1421,low
Monday,3-6,1,1422,medium
Monday,3-6,1,1423,low
Monday,0-3,1,1424,low
Saturday,12-15,1,1425,low
Saturday,9-12,1,1426,low
Saturday,0-3,1,1427,medium
Friday,9-12,1,1428,high
Friday,6-9,1,1429,high
Friday,3-6,1,1431,low
Friday,3-6,1,1432,low
Friday,0-3,1,1433,low
Thursday,6-9,1,1436,low
Thursday,6-9,1,1437,low
Thursday,6-9,1,1438,low
Thursday,3-6,1,1439,low
Thursday,3-6,1,1440,low
Thursday,0-3,1,1441,low
Wednesday,9-12,1,1442,low
Wednesday,6-9,0,1443,high
Wednesday,6-9,1,1444,low
Wednesday,3-6,1,1445,high
Wednesday,0-3,1,1446,low
Tuesday,6-9,1,1447,low
Tuesday,6-9,0,1448,low
Tuesday,6-9,0,1449,low
Tuesday,3-6,1,1450,low
Monday,6-9,1,1451,low
Monday,6-9,1,1452,low
Monday,6-9,1,1453,low
Monday,3-6,0,1454,medium
Monday,3-6,1,1455,low
Sunday,12-15,1,1456,low
Sunday,6-9,1,1457,medium
Saturday,12-15,1,1458,low
Saturday,3-6,1,1460,low
Friday,9-12,1,1461,low
Friday,9-12,1,1462,medium
Friday,9-12,0,1463,medium
Friday,6-9,1,1464,low
Friday,3-6,1,1465,medium
Friday,3-6,0,1466,low
Friday,0-3,1,1467,low
Thursday,12-15,1,1468,low
Thursday,6-9,1,1469,low
Thursday,3-6,0,1470,low
Thursday,3-6,0,1471,low
Thursday,3-6,0,1472,low
Thursday,3-6,1,1473,medium
Wednesday,12-15,0,1475,medium
Wednesday,9-12,0,1476,medium
Wednesday,6-9,1,1477,low
Tuesday,9-12,1,1478,low
Tuesday,6-9,1,1479,low
Monday,6-9,1,1480,low
Monday,0-3,1,1481,low
Sunday,9-12,1,1482,low
Saturday,12-15,1,1483,low
Saturday,9-12,1,1484,low
Saturday,9-12,1,1485,low
Friday,9-12,0,1486,high
Friday,6-9,1,1487,low
Friday,6-9,0,1488,low
Friday,3-6,1,1489,low
Thursday,12-15,1,1491,low
Thursday,6-9,1,1492,low
Thursday,6-9,1,1493,low
Wednesday,9-12,1,1494,low
Wednesday,6-9,1,1496,low
Monday,6-9,1,1497,low
Monday,6-9,1,1498,low
Monday,0-3,1,1499,low
Monday,0-3,1,1500,low
Sunday,9-12,1,1501,low
Sunday,3-6,1,1502,medium
Saturday,12-15,1,1503,low
Saturday,6-9,1,1504,medium
Saturday,0-3,1,1505,medium
Friday,3-6,1,1506,medium
Friday,0-3,1,1507,low
Thursday,9-12,1,1508,low
Thursday,9-12,1,1510,low
Thursday,3-6,1,1511,low
Wednesday,6-9,1,1513,low
Wednesday,6-9,1,1514,low
Wednesday,3-6,0,1515,low
Wednesday,0-3,1,1516,low
Wednesday,0-3,1,1517,low
Tuesday,3-6,1,1518,low
Tuesday,0-3,1,1519,low
Tuesday,0-3,1,1520,low
Monday,12-15,1,1521,low
Monday,9-12,1,1522,low
Monday,6-9,1,1523,low
Monday,3-6,1,1524,low
Monday,0-3,1,1525,low
Monday,0-3,0,1526,low
Sunday,3-6,1,1527,low
Sunday,3-6,1,1528,low
Saturday,3-6,1,1529,low
Saturday,3-6,0,1530,low
Friday,9-12,1,1531,low
Friday,6-9,1,1532,low
Friday,0-3,1,1533,low
Thursday,9-12,1,1534,low
Thursday,3-6,1,1535,low
Thursday,0-3,1,1536,low
Thursday,0-3,1,1537,low
Thursday,0-3,1,1538,low
Wednesday,15-18,1,1539,low
Wednesday,12-15,1,1540,high
Wednesday,3-6,1,1541,low
Wednesday,0-3,1,1542,low
Wednesday,0-3,1,1543,low
Tuesday,15-18,1,1544,low
Tuesday,9-12,1,1545,medium
Tuesday,0-3,1,1546,low
Tuesday,0-3,1,1547,medium
Tuesday,0-3,1,1548,low
Friday,15-18,1,1549,low
Friday,9-12,0,1550,low
Friday,3-6,1,1551,low
Friday,0-3,1,1552,low
Thursday,6-9,1,1553,low
Thursday,3-6,1,1554,low
Thursday,0-3,1,1555,low
Wednesday,9-12,0,1556,low
Wednesday,0-3,1,1557,low
Tuesday,3-6,1,1558,low
Tuesday,0-3,1,1559,low
Sunday,6-9,1,1560,low
Saturday,0-3,1,1561,low
Wednesday,9-12,1,1562,low
Tuesday,9-12,1,1563,low
Monday,6-9,1,1564,low
Friday,9-12,1,1565,medium
Thursday,3-6,1,1566,low
Wednesday,9-12,1,1567,low
Wednesday,0-3,1,1568,low
Monday,9-12,1,1569,low
Friday,12-15,1,1570,low
Friday,9-12,1,1571,low
Friday,3-6,1,1572,low
Thursday,0-3,1,1573,low
Wednesday,3-6,1,1574,low
Tuesday,12-15,1,1575,low
Tuesday,9-12,1,1576,low
Monday,12-15,1,1577,low
Monday,0-3,1,1578,low
Sunday,3-6,1,1579,low
Sunday,0-3,1,1580,low
Friday,0-3,1,1581,low
Monday,15-18,1,1582,low
Saturday,0-3,1,1583,low
Friday,6-9,1,1584,low